Organization,Technology,Category,description,website
Sevenvortex,7Vortex,Visual analytics,"Understanding the complexities and interconnectedness of the challenges and opportunities arising from our rapidly changing environments, is fundamental to capture and generate transcendental value",https://www.7vortex.com/
Accenture,,Cyber security,"Accenture is a global professional services company with leading capabilities in digital, cloud and security. Combining unmatched experience and specialized skills across more than 40 industries, we offer Strategy and Consulting, Interactive, Technology and Operations services—all powered by the world’s largest network of Advanced Technology and Intelligent Operations centers. Our people deliver on the promise of technology and human ingenuity every day, serving clients in more than 120 countries. We embrace the power of change to create value and shared success for our clients, people, shareholders, partners and communities. Visit us at www.accenture.com.",https://www.accenture.com/us-en
Amundsen,,Workflow and meta,"Started at Lyft, Amundsen has made Data Engineers, Data Analysts, and Data Scientists 20+% more productive",https://www.amundsen.io/
Anomali,,Cyber security,"Anomali is the leader in intelligence-driven extended detection and response (XDR) cybersecurity solutions. Anchored by big data management and refined by artificial intelligence, the Anomali XDR platform delivers proprietary capabilities that correlate the largest repository of global intelligence with telemetry from customer-deployed security solutions, empowering security operations teams to detect threats with precision, optimize response, achieve resiliency, and stop attackers and breaches.Our SaaS-based solutions easily integrate into existing security tech stacks through native cloud, multi-cloud, on-premises, and hybrid deployments. Founded in 2013, Anomali serves public and private sector organizations, ISACs, MSSPs, and Global 1000 customers around the world in every major industry. Leading venture firms including General Catalyst, Google Ventures, and IVP back Anomali. Learn more at",https://www.anomali.com/
Apache,Apache TinkerPop,Graph DBMS,Apache TinkerPop provides graph computing capabilities for both graph databases (OLTP) and graph analytic systems (OLAP).,https://tinkerpop.apache.org/
Apache,Apache Giraph,Graph DBMS,Apache Giraph is an iterative graph processing system built for high scalability.,https://giraph.apache.org/
Apache Jena,Semantic,RDF,"Apache Jena is an open source Semantic Web framework for Java. It provides an API to extract data from and write to RDF graphs. The graphs are represented as an abstract ""model"". A model can be sourced with data from files, databases, URLs or a combination of these. A model can also be queried through SPARQL",https://jena.apache.org/
Apache Rya,"pronounced ""ree-uh""",RDF,"Rya (pronounced “ree-uh” /rēə/) is a cloud-based RDF triple store that supports SPARQL queries. Rya is a scalable RDF data management system built on top of Apache Accumulo®. A MongoDB back-end is also implemented. Rya uses novel storage methods, indexing schemes, and query processing techniques that scale to billions of triples across multiple nodes. Rya provides fast and easy access to the data through SPARQL, a conventional query mechanism for RDF data.",https://rya.apache.org/
Apache Spark™,Open-Source,Graph processing engines,"Apache Spark™ is a multi-language engine for executing data engineering, data science, and machine learning on single-node machines or clusters.",https://spark.apache.org/
ArangoDB,ArangoDB,Multi-model,"ArangoDB is a scalable open-source multi-model database natively supporting graph, document and search.",https://www.arangodb.com/
ArchitecTor,,Data modelling,ArchitecTor will help you through every step of the building process: from site selection to integrating carefully maximized views and privacy,https://architector.com/
Arcurve Inc.,Menome,Knowledge graph solutions,The knowledge center allows users to annotate data from any type of content and establish relationships between any type of data.,https://menome.com/
AWS,Amazon Neptune,Graph DBMS,"Fast, reliable graph database built for the cloud",https://aws.amazon.com/neptune/
Ayasdi,Symphony AyasdiAI,Fraud detection,"Transform financial crime team productivity by driving out pointless investigations and finding true malignancies hidden from your existing rules and machine learning techniques. Discover causality of risk between multiple crimes – money laundering, fraud, corruption, and trafficking – that you can never detect with conventional methods. Criminals are smart, and your detection capabilities need to be smarter and always adapting to stay one step ahead. Refocus your financial crimes investigations into actually stopping crime.",https://www.ayasdi.com/
BeGraphic,,Visual analytics,"This Visual Business Intelligence consultant in an expert working in Europe providing professional training, innovation and education in the fields of information design and performance management",http://www.begraphic.com/
Bertin,,Visual analytics,"BERTIN TECHNOLOGIES, subsidiary of CNIM Group, relies on its long history of innovative engineering to develop, produce and market systems and instruments worldwide. Among its 450 employees, there are 2/3 engineers and high-level managers. Its 2020 turnover amounts to 78 million euros. Based in Paris Region, the company is active worldwide with offices over the 5 continents. Bertin Technologies is committed to putting industrial innovation at the service of systems and products for dedicated markets: Nuclear & Radioprotection, Defense & Security, Health & Life Sciences, Space & Big Science",https://bertin-technologies.com/
bitnine,AgensGraph,Multi-model,"AgensGraph is an open-source multi-model database management system, developed by Bitnine Global Inc, to support both relational and NoSQL property graph data models. ",https://bitnine.net/agensgraph
Bitsy,Bitsy,Graph DBMS,"Bitsy Infotech is a system integration and services organization that believes in delivering unmatched business value to its customers through a combination of technology, strength, process excellence, quality frameworks and timely delivery.",https://www.bitsy.biz/
Blazegraph,Blazegraph™ DB,RDF,"Blazegraph™ DB is a ultra high-performance graph database supporting Blueprints and RDF/SPARQL APIs. It supports up to 50 Billion edges on a single machine. It is in production use for Fortune 500 customers such as EMC, Autodesk, and many others",https://blazegraph.com/
Blockpoint,,Cyber security,"An immutable database prevents unwanted changes to data, and Blockpoint Systems provides the world’s first enterprise ready immutable database management system. Immutability provides 3 key advantages over traditional databases, all while saving on server costs! 1. Reduce security vulnerabilities: a. It is impossible for bad actors to erase, modify, or override existing records b. Values can still be added, but never overwritten 2. Verify authenticity of data to streamline compliance: a. Identify tampered data by the click of a button b. Export Blockpoint Integrity Proofs™ to prove that records are valid and remain unmodified 3. Time-travel Queries™ save on labor costs because restrictive snapshots are no longer needed a. Our system is multi-version, meaning businesses can access and compare all versions of the database",https://blockpointdb.com/
bw,,RDF,"BW.com is the world's first pool-based digital derivatives trading platform, providing value investment platform for 280,000 miners, 600,000 digital currency investors and users in 45 countries.",https://www.bw.com/
Cambridge Semantics,AnzoGraph DB,Graph DBMS,"AnzoGraph is a fast, horizontally scalable, OLAP graph database that brings a wealth of analytics capabilities to large graphs.",https://cambridgesemantics.com/anzograph/
Cambridge Semantics,,Visual analytics,"Cambridge Semantics Inc. is a modern data management and enterprise analytics software company. Our solutions transform siloed data into enterprise-scale knowledge graphs, revealing previously hidden insights, fueling pervasive analytics, and making previously unanswerable questions answerable.",https://cambridgesemantics.com/
ccNetViz,ccNetViz,Visualisation libraries and toolkits,"ccNetViz is a lightweight, high-performance javascript library for large network graphs (see graph theory) visualization using WebGL. It enables custom styling of nodes and edges in CSS like way, curve edges, dynamic changes of the network, force-directed layout and basic graph interactivity. Used for example by Cell Collective project. ccNetViz is open source library available under GPLv3 License.",https://helikarlab.github.io/ccNetViz/
Centrifuge Analytics,,Visual analytics,"Centrifuge Analytics makes it easy to harness the power of your data, visualize discoveries, collaborate to draw conclusions and make effective predictions that will have an immediate impact to your organization.",https://www.centrifuge.tech/
ClearGraph,Semantic,Knowledge graph solutions,Semantic search solutions for enterprise,https://cleargraph.io/
ClueMaker,THE CLUE,Visual analytics,"ClueMaker offers powerful data analytics to everyone. It is user-friendly and cost-effective visualization of relations, links and flows between subjects. We are here for e-discovery, fraud investigation, investigative journalism, sales and more. Are you a dataholic? Try ClueMaker.",https://cluemaker.com/
Commetrix,Dynamic Social Network Analysis,Visual analytics,"Commetrix is a Software Framework for Dynamic Network Visualization and Analysis. The software is around for about 15 years already but still works well for Social Network Analysis, in particular, when network data needs to be analyzed over time. Commetrix is currently FREE for non-commercial users and provides easy exploratory yet comprehensive access to network data and allows for",http://www.commetrix.de/
Confluent,,Integrations,"Confluent is pioneering a fundamentally new category of data infrastructure focused on data in motion.  Our cloud-native offering is the foundational platform for data in motion --- designed to be the intelligent connective tissue enabling real-time data, from multiple sources, to constantly stream across the organization.  With Confluent, our customers can meet the new business imperative of delivering rich, digital customer experiences and real-time business operations.  Our mission is to help every organization harness data in motion so they can compete and thrive in the modern world.",https://www.confluent.io/
Connect the Dots,ABCya,Visual analytics,ABCya.com is the leader in free educational kids computer games and activities for elementary students to learn on the web. All children's educational computer activities were created or approved by certified school teachers.,http://www.abcya.com
CX-Ray,,Human resources,"What is CX-Ray? A software development team consisting of organizational psychologists, IT professionals and sales professionals who provide insights into the hidden functioning of organizations through automated and user-friendly tools. Our products reveal the invisible networks of companies, the informal relationships of team members, and the untapped potentials of the staff. The information we collect and the practical suggestions our tools make provide you with a solid foundation for truly effective organizational development. How does CX-Ray work? Try it now: www.cx-ray.com! Our tools:",https://www.cx-ray.com/
Dash Cytoscape,cytoscape,Visualisation libraries and toolkits,"Dash Cytoscape is a graph visualization component for creating easily customizable, high-performance, interactive, and web-based networks. It extends and renders Cytoscape.js, and offers deep integration with Dash layouts and callbacks, enabling the creation of powerful networks in conjunction with the rich collection of Dash components , as well as established computational biology and network science libraries such as Biopython and networkX.",https://dash.plotly.com/cytoscape
Data Virtuality,Platform marries two distinct,Integrations,"Data Virtuality offers two products to flexibly solve data integration and management problems in a tailored way that best suits data teams in the fast-paced world of data. Data Virtuality Platform - Data Virtualization for Flexible Data Architectures By uniquely combining data virtualization and data replication, Data Virtuality Platform provides data teams the flexibility to always choose the right method for the specific requirement. It is an enabler for Data Fabric and Data Mesh by providing the self-service capabilities and data governance features that are indispensable for these frameworks. Enterprises around the world, such as BSH, PGGM, PartnerRe, Crédit Agricole, and Vontobel use the Data Virtuality Platform to build modern data architectures that meet today’s and tomorrow’s business requirements.",https://datavirtuality.com/en/
DataGalaxy,,Data modelling,"DataGalaxy’s goal is connecting people to the data knowledge they need in the most agile, intuitive way imaginable.",https://www.datagalaxy.com/
Datameer,SQL SaaS,Machine learning,"Low-code, no-code, SQL SaaS solution for data transformation in Snowflake.",https://www.datameer.com/
Datarama,,Fraud detection,"Datarama is the one-stop information source for complex risk/opportunity assessment and due diligence in emerging markets. Our award-winning RegTech platform combines advanced technology with human analysis to streamline the traditional risk-consulting model, making compliance checks cheaper and faster.",https://datarama.com/
DataRobot,Paxata,Integrations,"DataRobot is the AI Cloud leader, delivering a unified platform for all users, all data types, and all environments to accelerate delivery of AI to production. Trusted by global customers across industries and verticals, including a third of the Fortune 50, delivering over a trillion predictions for leading companies globally.",https://www.datarobot.com/
DataStax,DataStax,Multi-model,"DataStax provides commercial support, software, and cloud database-as-a-service based on Apache Cassandra. It also provides event streaming support and a cloud service based on Apache Pulsar.",https://www.datastax.com/
Dataverz,Graph Databases,Visual analytics,"Dataverz designs and deploys data-driven IT solutions to support collaboration and innovation. We help our clients build and strengthen their information infrastructures using analytics and data visualisations to enable the exploration & analyses of knowledge architectures. Our mission is to connect people and knowledge through the integration of data acquisition, data analysis and interactive dashboards.",https://www.dataverz.net/
DataWalk,,Visual analytics,,https://datawalk.com/
Deep Graph Library,,Graph analytics libraries and toolkits,"In the last few years, deep learning has enjoyed plenty of extraordinary successes. Many challenging tasks have been solved or close to being solved by Deep Learning, such as image recognition, rich-resource machine translation, game playing. These were made possible by a set of techniques that are composed of a number of representationally powerful building-blocks, such as convolution, attention and recurrence, applied to images, video, text, speech and beyond.",https://www.dgl.ai/
Deloitte,MissionGraph,Knowledge graph solutions,"MissionGraph is an open architecture, data integration, enhancement, and exploration platform that powers massive-scale analysis customized by domain.",https://www.missiongraph.ai/
Derivo,SemSpect,Knowledge graph solutions,"The derivo GmbH is an innovative company specialized on semantic technologies. The company is rooted in the Institute of Artificial Intelligence at Ulm University and is still in close contact with research groups in order to be able to bring newest scientific results into the development of practical products and solutions. Based on a project-specific collaboration the derivo GmbH fosters a business partnership with Racer Systems GmbH & Co. KG in Hamburg, Germany.",http://www.derivo.de
DeUmbra,,Machine learning,"DeUMBRA began with a simple principle: create cutting-edge technology solutions to secure the world by leveraging smart algorithms to find patterns in suspicious behavior amongst massive volumes of data. DeUmbra brings over 15 years of research and development in network/graph analytics, machine learning, anomaly detection, natural language processing, social media analysis, and behavior analysis of structured data (e.g., SIGINT, transactional data). We have developed mature capabilities to identify entities (e.g., human individuals, networks, ships, usernames) of interest, track changes of the entities over time, identify likely adversarial entities/behaviors and anticipate their future activities, and identify entities of interest (e.g,. those vulnerable or prone to radicalization, recruiters, adversaries, etc.).",https://deumbra.com/
DGraph,DGraph,Graph DBMS,"Dgraph is a horizontally scalable and distributed GraphQL database with a graph backend. It provides ACID transactions, consistent replication, and linearizable reads.",https://dgraph.io/
Digitate,ignio,Workflow and meta,"Transform your operations across domains using AI and Automation towards an Autonomous Enterprise for improved resilience, assurance, and superior customer experience.",https://digitate.com/
Domo,Coud Scale,Visual analytics,"Domo is the Business Cloud®, empowering organizations of all sizes with BI leverage at cloud scale in record time. With Domo, BI-critical processes that took weeks, months or more can now be done on the fly, in minutes or seconds, at unbelievable scale.",https://www.domo.com/
Dracula Graph Library,JavaScript,Graph analytics libraries and toolkits,"Dracula.js is a set of tools to display and layout interactive connected graphs and networks, along with various related algorithms from the field of graph theory.",https://www.graphdracula.net/
DuctileDB,Neo4j,Graph DBMS,DuctileDB is a graph database inspired by Titan and Neo4j.,https://ductiledb.com/
Eccenca,Mastering Complexity,Knowledge graph solutions,"eccenca is the leading German provider of enterprise knowledge graphs solutions. With our flagship product Corporate Memory we help companies to master the ever-growing complexity and dynamics of their network, product and device life cycles. The multi-disciplinary integrative platform allows companies to manage their disparate rules, constraints, capabilities, configurations and data in a single application. This enables them to re-establish transparency and LOB ownership to a complex environment thus enabling real agility, autonomy and smart automation. eccenca is named Sample Vendor for Digital Supply Chain Twins by Gartner and TOP 10 GDPR Solution Providers by CIOApplications.",https://eccenca.com/
EclecticIQ,,Cyber security,"EclecticIQ is the only company combining proven front-line expertise with an open and extendable platform that delivers threat intelligence automation and collaboration, forensic depth endpoint visibility, and threat detection and response.",https://www.eclecticiq.com/
Eclipse,RDF4J,RDF,"Eclipse are a leading creative technical production company, supporting clients with creative concepts and technical solutions for their events.",https://rdf4j.org/
Elliptic,,Fraud detection,"Elliptic has been our trusted partner since 2015, helping strengthen our AML program and create a new standard for compliance in the crypto industry. We value their emphasis on data precision, as well as their commitment to building a more transparent and safer crypto economy.",https://www.elliptic.co/
Emcien,EmcienPatterns,Visual analytics,"Dr. Roy Marsten was a professor at the Georgia Institute of Technology and a co-author of the leading mathematical software library CPLEX, with over 70% market share. eading companies approached Dr. Marsten to solve a critical problem. “We are in a data driven economy and our employees need a self-serve solution for data analysis. This is a requirement to compete effectively in this economy,” a company representative said.  The solution would have to be designed for business users. Intuitive, fast and require no data analysis skills.",https://emcien.com/
EngineYard,,Application framework and libraries,Thousands of Ruby on Rails developers trust Engine Yard to deploy and manage their apps in the cloud so they can continue doing what they do best - writing beautiful apps. Engine Yard was founded by leaders in the Rails community more than 10 years ago and our world-class team of Rails support engineers continually score 98%+ on customer satisfaction ratings.,https://www.engineyard.com/
EsyN,Index,Visual analytics,"esyN is a bioinformatics web-tool for visualizing, building and analysing molecular interaction networks. esyN is based on cytoscape.js and its aim is to make it easy for everybody to perform network analysis.",http://www.esyn.org/
ETLApps,Oracle Business Intelligence,Integrations,ETLApps is founded by Industry veterans who have deployed large scale data warehousing and business intelligence solutions in various industry domains. Our data architects together have more than 300 years of industry experience in delivering mission critical data integration solutions.,https://www.etlapps.com/
Exaptive,,Urban planner,"Being able to see the big picture allows you to have the biggest impact. Our products combine the latest in network science, data science, and social science to help you understand how everything is related and find new insights hidden in those relationships. They allow you, your organization, or your community to avoid inefficiencies, find synergies, and have more ah-ha moments faster.",https://www.exaptive.com/
FactGem,,Visual analytics,,https://factgem.com/
Factil,,Data modelling,Factil is a software and consulting business providing tools to model your unique business information and data integration requirements.,https://www.factil.io/
Fauna,Fauna,Multi-model,"Fauna provides serverless, multi-region, transactional database instances that are accessible via a cloud API. ",https://fauna.com/
Feedzai,RiskOps Platform,Fraud detection,"Feedzai is the market leader in safeguarding global commerce with today’s most advanced cloud-based risk management platform, powered by machine learning and artificial intelligence. Feedzai is securing the transition to a cashless world while enabling digital trust in every transaction and payment type. The world’s largest banks, processors, and retailers trust Feedzai to protect trillions of dollars and manage risk while improving the customer experience for everyday users, without compromising privacy. Feedzai is a Series D company and has raised $282M to date with a current valuation of well over $1.5B",https://feedzai.com/
Flaminem,,Fraud detection,"Founded in 2013, Flaminem is a software vendor for compliance managers in the financial sectors. Flaminem offers a software platform that enables you to digitize your clients’ KYC due diligence processes. We support you in your digitization ambition by providing you with innovative technology coupled with business know-how and experience in the management of large projects.",https://flaminem.com/en/
Flink,Apache Flink,Graph processing engines,"High-quality and fresh groceries delivered to your door in minutes. We are Flink - your online supermarket revolutionising the way you do your grocery shopping. With a wide selection of over 2,400 high-quality products, we aim to deliver to your door in minutes. We put our customers first and ensure all products delivered are fresh and nutritious. We are able to customise our national assortment to be able to offer you unique local products in every city. Our delivery hubs are located in densely populated inner city locations and we strive to be sustainable by delivering on electric bikes and using packaging that can be recycled. Founded by experienced e-commerce professionals and backed by some of the most renowned investors in Europe, we are growing rapidly and have a great hunger to continuously challenge ourselves. We pride ourselves in being an inclusive and equal opportunities employer with a diverse and multicultural team.",https://www.goflink.com/
flockdb,flockdb,Graph DBMS,"FlockDB was a distributed, fault-tolerant graph database.",https://dbdb.io/db/flockdb
Fluree,Fluree,Graph DBMS,"Open source semantic graph database that guarantees data integrity, facilitates secure data sharing, and powers connected data insights.",https://flur.ee/
Franz,AllegroGraph,Knowledge graph solutions,Franz Inc. is an innovative technology company with expert knowledge in developing and deploying Knowledge Graph solutions. ,http://www.franz.com
Franz Inc.,AllegroGraph,RDF,"High performance, persistent RDF store with additional support for Graph DBMS.",https://allegrograph.com/
Franz Inc.,AllegroGraph,Knowledge graph solutions,"AllegroGraph is a closed source triplestore which is designed to store RDF triples, a standard format for Linked Data. It also operates as a document store designed for storing, retrieving and managing document-oriented information, in JSON-LD format.",https://allegrograph.com/
Franz Inc.,Gruff,Visual analytics,"No-code graph visualization, graphical query builder, and knowledge graph explorer.",https://allegrograph.com/products/gruff/
G-Core,,Graph query languages,At the heart of our advanced technological solutions is our own global infrastructure whose connectivity and performance we continuously improve.,https://gcorelabs.com/
GCHQ,Gaffer,Graph DBMS,Gaffer is a graph database framework. It allows the storage of very large graphs containing rich properties on the nodes and edges.,https://gchq.github.io/gaffer-doc/
Gephi,Gephi,Visual analytics,"Gephi is the leading visualization and exploration software for all kinds of graphs and networks. Gephi is open-source and free. Runs on Windows, Mac OS X and Linux.",https://gephi.org/
GQL,,Graph query languages,"GQL is an upcoming International Standard language for property graph querying that is currently being created. The idea of a standalone graph query language to complement SQL was raised by ISO SC32/ WG3 members in early 2017, and is echoed in the GQL manifesto of May 2018. ",https://www.gqlstandards.org/
Gra.fo,,Knowledge graph solutions,"It should be easy to design a knowledge graph, but existing products – while powerful – are frequently difficult to use. We’ve designed a system from the ground up for ease of use, while ensuring that it remains robust enough to develop incredibly complex data models.",https://gra.fo/
Gradoop,Hadoop,Graph processing engines,"Processing highly connected data as graphs becomes more and more important in many different domains. Prominent examples are social networks, e.g. facebook and Twitter, as well as information networks like the World Wide Web or biological networks. One important similarity of these domain specific data is their inherent graph structure which makes them eligible for analytics using graph algorithms. Besides that, the datasets share two more similarities: they are huge in size, making it hard or even impossible to process them on a single machine and they grow over time, which classifies them as dynamic graphs. With the objective of analyzing these large-scale, dynamic datasets, we started developing a framework called “Gradoop",https://dbs.uni-leipzig.de/
Grafo,Grafo,Knowledge graph solutions,"Grafo is a tool for visually designing knowledge graphs. It is built from the ground up for online, collaborative, real-time editing.",https://gra.fo/
GRAKN.AI,Vaticle,Graph DBMS,"Vaticle is a team of people driven to empower engineers to solve complex problems. We are the creators of the strongly-typed database, TypeDB, and its query language, TypeQL. Our technology helps organisations in various industries, including Life Sciences, Defence & Security, Financial Services and Robotics, to build intelligent systems that tackle complex problems. From financial analytics to drug discovery, cyber threat detection to robotics disaster recovery, our technology empowers engineers around the world to tackle a higher order of complexity in data and knowledge.",https://vaticle.com/
Grano,,Business network,"Grano is an open source tool for journalists and researchers who want to track networks of political or economic interest. It helps understand the most relevant relationships in your investigations, and to merge data from different sources.",https://granoproject.org/
Graph Commons,,Visual analytics,"Graph Commons is a collaborative platform for mapping, analyzing and publishing data-networks. It empowers people and organizations to transform their data into interactive maps and untangle complex relations that impact them and their communities.",https://graphcommons.com/
Graph Engine,SERVING BIG GRAPHS IN REAL-TIME,Graph DBMS,"Graph Engine (GE) is a distributed in-memory data processing engine, underpinned by a strongly-typed RAM store and a general distributed computation engine.",https://www.graphengine.io/
Graph-tool,,Graph analytics libraries and toolkits,"Graph-tool is an efficient Python module for manipulation and statistical analysis of graphs (a.k.a. networks). Contrary to most other Python modules with similar functionality, the core data structures and algorithms are implemented in C++, making extensive use of template metaprogramming, based heavily on the Boost Graph Library. This confers it a level of performance that is comparable (both in memory usage and computation time) to that of a pure C/C++ library.",https://graph-tool.skewed.de/
GraphAware,Hume,Knowledge graph solutions,Hume is a graph data science-based knowledge graph ecosystem.,https://graphaware.com/products/hume/
GraphBase,GraphBase,Graph DBMS,GraphBase is a Graph Database Management System (Graph DBMS) engineered to simplify the creation and maintenance of complex data graphs. ,https://graphbase.ai/
GraphDB,GraphDB,RDF,"GraphDB is an enterprise ready Semantic Graph Database, compliant with W3C Standards. Semantic graph databases (also called RDF triplestores) provide the core infrastructure for solutions where modelling agility, data integration, relationship exploration and cross-enterprise data publishing and consumption are important. ",https://graphdb.ontotext.com/
GraphDB,Ontotext,RDF,"GraphDB is an enterprise ready Semantic Graph Database, compliant with W3C Standards. Semantic graph databases (also called RDF triplestores) provide the core infrastructure for solutions where modelling agility, data integration, relationship exploration and cross-enterprise data publishing and consumption are important.",https://graphdb.ontotext.com/
Graphileon,,Application framework and libraries,Graphileon is a tool for application building and visual data management on top of graph databases. Graphileon helps information analysts and business consultants to rapidly design and deploy graph-based applications by exploiting the agility of graphs.,https://graphileon.com/
Graphio,,Graph analytics libraries and toolkits,"A tool for get an hand in debugging BlitzMax applications. event_note February 21, 2021 account_box degacmore_vert. close",https://www.graphio.net/
Graphistry,,Visualisation libraries and toolkits,"Graphistry brings visual graph intelligence to your big or complex data. It automatically transforms your data into interactive, visual maps built for the needs of analysts. Quickly surface relationships between events and entities with less time writing queries or wrangling data. As the first automatically GPU-accelerated platform, harness all of your data without worrying about scale, and pivot on the fly to follow anywhere your investigation leads you. Ideal for everything from security, fraud, and IT investigations to 360° views of customers and supply chains to mapping cancer mutations, Graphistry turns the potential of your data into human insight and value.",https://www.graphistry.com/
Graphlytic,,Visual analytics,GRAPHLYTIC IS A CUSTOMIZABLE WEB APPLICATION FOR COLLABORATIVE GRAPH VISUALIZATION AND ANALYSIS,https://graphlytic.biz/
Graphviz,Graphviz,Visual analytics,"Graphviz is open source graph visualization software. Graph visualization is a way of representing structural information as diagrams of abstract graphs and networks. It has important applications in networking, bioinformatics, software engineering, database and web design, machine learning, and in visual interfaces for other technical domains.",https://graphviz.org/
Gremlin,,Graph query languages,"A gremlin is a mischievous folkloric creature that causes malfunctions in aircraft or other machinery. Depictions of these creatures vary. Often, they are described or depicted as animals with spiky backs; large, strange eyes; and small, clawed frames featuring sharp teeth",https://www.gremlin.com/
GUESS,,Visual analytics,"In 1981, GUESS sold its very first pair of jeans to Bloomingdale's department store. Since then, GUESS has grown, becoming one of today's most recognized and influential apparel brands in the world.",https://www.guess.com/us/en/home/
Hackolade,NoSQL,Data modelling,"Visual data modeling software for NoSQL and multi-model database schemas, such as MongoDB, Neo4j, Cassandra, Elasticsearch, Avro, Hive, HBase DynamoDB,  Couchbase, Cosmos DB, MarkLogic, etc...  ",https://hackolade.com/
Histograph,,Visual analytics,"HistoGraph treats multimedia collections as networks. The underlying assumption is simple: if two people are mentioned together in a document, we assume that they may have something to do with each other. Whether or not such a relationship is interesting is in the eye of the beholder. Co-occurrence networks become huge and unwieldy very quickly",http://histograph.eu/
Hitachi Vantara,Pentaho,Integrations,"Hitachi Vantara, a wholly-owned subsidiary of Hitachi, Ltd., guides our customers from what’s now to what’s next by solving their digital challenges. Working alongside each customer, we apply our unmatched industrial and digital capabilities to their data and applications to benefit both business and society. More than 80% of the Fortune 100 trust Hitachi Vantara to help them develop new revenue streams, unlock competitive advantages, lower costs, enhance customer experiences, and deliver social and environmental value. Visit us at hitachivantara.com.",https://www.hitachivantara.com/
Huawei,Graph Engine Service,Graph DBMS,"Graph Engine Service (GES) facilitates querying and analysis of graph-structure data based on various relationships. It is specifically suited for scenarios requiring analysis of rich relationship data, including social relationship analysis, recommendations, precision marketing, public opinions and social listening, information communication, and anti-fraud. ",https://www.huaweicloud.com/en-us/product/ges.html
HubScope,,Visual analytics,Hubscope lets everyone in the team contribute their unique insights and combines them into a common objective that can be viewed from different perspectives.,https://www.hubscope.com/
HugeGraph,HugeGraph,Graph DBMS,HugeGraph is a fast-speed and highly-scalable graph database. Billions of vertices and edges can be easily stored into and queried from HugeGraph due to its excellent OLTP ability.,https://github.com/hugegraph/hugegraph
HyperGraphDB,HyperGraphDB,Graph DBMS,"HyperGraphDB is a general purpose, extensible, portable, distributed, embeddable, open-source data storage mechanism.",http://www.hypergraphdb.org/
IBM,,Visual analytics,"At IBM, work is more than a job - it's a calling: To build. To design. To code. To consult. To think along with clients and sell. To make markets. To invent. To collaborate. Not just to do something better, but to attempt things you've never thought possible. To lead in this new era of technology and solve some of the world's most challenging problems.",https://www.ibm.com/
igraph,,Graph analytics libraries and toolkits,"igraph is a collection of network analysis tools with the emphasis on efficiency, portability and ease of use. igraph is open source and free",https://igraph.org/
Informatica,NYSE:INFA,Visual analytics,"Informatica (NYSE:INFA) believes data is the soul of business transformation. That's why we help you transform it from simply binary information to extraordinary innovations. As the Enterprise Cloud Data Management leader, we have pioneered a new category of software with our Intelligent Data Management Cloud™. Powered by AI and a cloud-first, cloud-native, end-to-end data management platform that connects, manages and unifies data across any multi-cloud, hybrid system, our Intelligent Data Management Cloud empowers enterprises to modernize and advance their data strategies.",https://www.informatica.com/
InfoTrack,SAAS technology,Fraud detection,"InfoTrack is a leading SAAS technology innovator and has been the pioneer of e-conveyancing since 2000. Our leading technology is central to the buy and sell of property in Australia. From the moment a title search is performed on a property to be listed for sale through to settlement, InfoTrack’s platform transforms plain text into intelligent data that moves seamlessly between the real estate agent, the lawyer, the mortgagee and the seller",https://www.infotrack.com.au/
InfraNodus,,NLP,InfraNodus is a text network visualization tool that can be used to build graphs and represent any text as a network.,https://infranodus.com/
IntelligentTag,,Visual analytics,"We are a global team that believes 'knowledge-based systems' should be simple and available to all, a model in which the development community is embraced, where companies benefit with delivery of the next generation of software.",https://www.intelligenttag.com/
Io-Tahoe,,Visual analytics,"Io-Tahoe Data Automation · Data Automation by Io-Tahoe is AI enabled software that executes repetitive data processes in an audited, controlled manner",https://www.iotahoe.com/
Isarr,,Visual analytics,"ISARR is a web based system that gives a graphical representation of all of the assets and associated risks across the entire business, and watches and notifies of any changes in real time. It provides the tools to help you manage and mitigate any incidents, events or crisis, and ensures competency, compliance and standards are maintained.  Because it gives a common view and understanding of the business to all functional leaders, it improves coordination and therefore allows a more effective use of time and resources.",https://isarr.com/
JGraphT,,Graph analytics libraries and toolkits,"JGraphT releases are published to the Maven Central Repository, so you can easily add us as a dependency to your project:",https://jgrapht.org/
JUNG,,Graph analytics libraries and toolkits,"By clicking on ""Accept"", you revocably consent at any time to the JUNG website and third parties Cookies and similar techniques to optimize the website and create user profiles as well as to display interest-based advertising. Configuration options and further information are available via ""More"". Rejection is possible here . The rejection does not activate the techniques used, with the exception of those that are essential for the operation of the site. Further information on the person responsible can be found in the imprint . Information on the processing purposes and your rights, in particular the right of withdrawal, can be found in our data protection declaration .",https://www.jung.de/
KBBS,,Fraud detection,We're specialists in insurance fraud detection who thrive on using our expertise in data science and software development to help our customers. Our modular suite of applications is as flexible as it is powerful and can be used as a holistic fraud prevention platform or as a means of solving specific problems.,https://www.kbbssystems.com/
Kineviz,,Visualisation libraries and toolkits,"Kineviz is proud to introduce GraphXR. Now you can explore data with unprecedented speed, power, and maneuverability. GraphXR combines link analysis and data science capabilities with a low-friction interface. Find answers fast. Reach decisions with confidence. Supercharge your investigations.",https://www.kineviz.com/
LambdaZen,Bitsy,Graph DBMS,"Bitsy is a small, fast, embeddable, durable in-memory graph database that implements the Blueprints API.",https://github.com/lambdazen/bitsy/wiki
LexisNexis,Risk Solutions,Fraud detection,"LexisNexis Legal & Professional is a leading global provider of legal, regulatory and business information and analytics that help customers increase productivity, improve decision-making and outcomes, and advance the rule of law around the world.",https://www.lexisnexis.com/en-us/gateway.page
Linkurious,,Visualisation libraries and toolkits,"Linkurious is a growing company based in Montreuil coming from 16 countries. Our software helps large companies and government agencies across the globe fight financial fraud, money laundering, and cyber threats. Our clients are located in more than 20 countries, with several tax administrations, major banks and insurance companies. We also support NGOs fighting corruption.",https://linkurious.com/
LookingGlass,,Cyber security,"LookingGlass develops cybersecurity solutions that empower organizations to meet their missions with tailored, actionable threat intelligence and threat mitigation capabilities that move at machine speed. For more than a decade, the most advanced organizations in the world have trusted LookingGlass to help them protect financial systems, ensure telecommunications are cyber-resilient, and safeguard economic and national security interests.",https://lookingglasscyber.com/
LUMIFY,THE SPOTLIGHT,Visual analytics,"Try LUMIFY, the amazing eye drop that significantly reduces redness to help your eyes look whiter and brighter, and reveal their natural",https://www.lumifydrops.com/
Lynks,,Visual analytics,Lynks combines data and global logistics to procure products for the lowest possible price from anywhere in the world.,https://www.lynks.com/
Maltego,Paterva,Visual analytics,"Maltego is an open source intelligence (OSINT) and graphical link analysis tool for gathering and connecting information for investigative tasks. With Maltego, you can easily mine data from dispersed sources, automatically merge matching information in one graph, and visually map it to explore your data landscape. ​ Maltego is used by a broad range of users, ranging from security professionals to forensic investigators, investigative journalists, and researchers.",https://www.maltego.com/
MapLarge,,Visual analytics,"At MapLarge we’re passionate about building software that solves some of the world’s hardest and most interesting problems across dozens of industries. We partner with the largest and most sophisticated institutions in the world to improve the lives of their users and customers with clever use of data and technology. Our products have been used to keep the world safe, improve global healthcare outcomes, deliver billions of packages on time, keep every plane in the sky safe and fuel efficient, improve navigation and safety.",https://maplarge.com/
MapR,Try MapR,Graph processing engines,"MapR Technologies, a Hewlett Packard Enterprise company",https://mapr.com/
MariaDB Foundation,MariaDB,Multi-model,MariaDB Server is one of the most popular open source relational databases. It’s made by the original developers of MySQL and guaranteed to stay open source. ,https://mariadb.org/
MarkLogic Corporation,MarkLogic,Multi-model,MarkLogic Server is a multi-model database that has both NoSQL and trusted enterprise data management capabilities.,https://www.marklogic.com/
Memgraph,Memgraph,Graph DBMS,"Memgraph is a streaming graph application platform that helps you wrangle your streaming data, build sophisticated models that you can query in real-time, and develop applications you never thought possible in days, not months.",https://memgraph.com/
Memgraph,Memgraph,Application framework and libraries,"Memgraph is a streaming graph application platform that helps you wrangle your streaming data, build sophisticated models that you can query in real-time, and develop applications you never thought possible in days, not months.",https://memgraph.com//
Memgraph,MAGE,Application framework and libraries,"MAGE, also known as Memgraph Advanced Graph Extensions, is an open-source repository that contains graph algorithms and modules in the form of query modules written by the team behind Memgraph and its users.",https://github.com/memgraph/mage
Menome,Arcu,Knowledge graph solutions,"CALGARY, AB –  Arcurve Inc., a leading full-service technology, advisory and software development company, announces the acquisition of Calgary based Menome. Menome is a cutting-edge Artificial Intelligence (AI) and Data Analytics organization that specializes in delivering breakthrough data consolidation and analysis. The combination of Menome’s sophisticated AI and Data analytics technology with Arcurve’s professional approach to the delivery of advisory services, software development and project management solutions will enable the rapid deployment and adoption of AI to an expanding range of clients in North America and around the world",https://menome.com/
Mentionmapp,,Social network analytics,"Visualize and explore interactions, build critical relationships and find out who is carrying today’s conversations. Find new hashtags and followers that you might have missed otherwise.",https://mentionmapp.com/
Microsoft,Azure Cosmos DB,Multi-model,Azure Cosmos DB is a fully managed NoSQL database service for modern app development.,https://azure.microsoft.com/en-us/services/cosmos-db/
MissionGraph,,Knowledge graph solutions,"MissionGraph is an open architecture, data integration, enhancement, and exploration platform that powers massive-scale analysis customized by domain. We empower government agencies and businesses with faster time to action, improved technical agility, increased control over messy data landscapes, and advanced insights into complex questions.",https://www.missiongraph.ai/
Movi,,Visual analytics,Movi is building a new canvas for creation and monetisation of Web 3.0 visual content that will grow beyond anything Web 2.0 can deliver.,http://movi.ai
Mphasis,,Visual analytics,"At Mphasis, engineering is in our DNA. We lead with design and architecture to deliver a portfolio of next-generation offerings and services that blend our deep domain expertise with cutting-edge technology. Our domain contextualized offerings are embedded in deep tech and we are powered forward by the Mphasis Tribes and Squads model. Our cross-functional teams are focused on evolving our next-generation offerings. The Mphasis Way of engagement helps us build and scale faster. This enables us to bring the 'T' back into IT, with T standing not just for technology, but also for transformation combined with a strong understanding of your business domain. Guided by the Mphasis Front2BackTM approach, we create hyper-personalized experiences and drive customer-centric transformation.",https://www.mphasis.com/home.html
MuxViz,,Visual analytics,"A variety of filters, samples, virtual instruments allow you to create incredibly professional tracks, make high-quality",https://muxviz.net/
Neo4j,Neo4j,Graph DBMS,"Neo4j is a high performance graph store with all the features expected of a mature and robust database, like a friendly query language and ACID transactions.",https://neo4j.com/
Neo4j,Neo4j,Application framework and libraries,"Neo4j is a graph database management system developed by Neo4j, Inc. Described by its developers as an ACID-compliant transactional database with native graph storage and processing, Neo4j is available in a GPL3-licensed open-source ""community edition"", with online backup and high availability extensions licensed under a closed-source commercial license.",https://neo4j.com/
Neoris,Neoris Knowledge Discovery Platform,Knowledge graph solutions,An augmented reality platform to help you achieve great benefits by automating the processing of non-structured information from different sources.,https://www.neoris.com/neoris-kdp
NetJSON,,Visualisation libraries and toolkits,NetJSON is a data interchange format based on JSON designed to ease the development of software tools for computer networks.,https://netjson.org/
Netlytic,index,Social network analytics,Netlytic is a cloud-based text and social networks analyzer that can automatically summarize textual data and discover communication networks from publicly accessible social media posts.,https://netlytic.org/index.php
NetMiner,NetMiner,Visual analytics,"CYRAM is a company that possesses network modeling, analysis, and visualization technology and wants to accurately evaluate the hidden ripple effect of the relationships between individuals.",http://www.netminer.com/
Network Cube,,Visualisation libraries and toolkits,"Working with Network Cube is a breeze. I have total confidence when they are involved, my life is made so much easier!",http://www.networkcube.com/
Network Perspective,,Human resources,"Network Perspective combines the essence of employee experience analytics, HR analytics, workplace analytics, collaboration analytics, and Organizational Network Analysis (ONA) with strong ethics upfront.",https://www.networkperspective.io/
NetworKit,large-scale network analysis,Graph analytics libraries and toolkits,"NetworKit is a growing open-source toolkit for large-scale network analysis. Its aim is to provide tools for the analysis of large networks in the size range from thousands to billions of edges. For this purpose, it implements efficient graph algorithms, many of them parallel to utilize multicore architectures. These are meant to compute standard measures of network analysis, such as degree sequences, clustering coefficients, and centrality measures. In this respect, NetworKit is comparable to packages such as NetworkX, albeit with a focus on parallelism and scalability. NetworKit is also a testbed for algorithm engineering and contains novel algorithms from recently published research (see list of Publications).",https://networkit.github.io/
NetworkX,Python,Graph analytics libraries and toolkits,"NetworkX is a Python package for the creation, manipulation, and study of the structure, dynamics, and functions of complex networks.",https://networkx.org/
NICE Actimize,,Fraud detection,"NICE Actimize is the largest and broadest provider of financial crime, risk and compliance solutions for regional and global financial institutions, as well as government regulators. Consistently ranked as number one in the space, NICE Actimize experts apply innovative technology to protect institutions and safeguard consumers and investors assets by identifying financial crime, preventing fraud and providing regulatory compliance.",https://www.niceactimize.com/
NitrosData,NitrosBase,Multi-model,"NitrosBase is a high-performance multi-model database that supports relational, graph and document data models.",https://www.nitrosbase.com/
nodegoat,,Visual analytics,"nodegoat is conceptualised and developed by LAB1100. Some frequently asked questions on nodegoat are answered here: nodegoat FAQ. Learm more about using nodegoat by following the Guides, or by exploring the Documentation.",https://nodegoat.net/
Norconex Inc,,Integrations,"Norconex specializes in enterprise search services and search consulting. The company also provides services for E-Discovery, maintenance and support of enterprise search implementations. Norconex uses a large number of search technologies from leaders on the market as well as offering its own search-related products.",https://norconex.com/
Nuix,,Fraud detection,"Nuix specializes in transforming massive amounts of messy data – from emails, social media, communications and other human-generated content – into searchable, contextualized information.  At the heart of our software is the Nuix Engine, a supercharged data processing technology that gets to the ones and zeros of more than 1,000 data types and file formats with forensic accuracy.",https://www.nuix.com/
Nvidia,,Graph analytics libraries and toolkits,"Enterprise customers with a current vGPU software license (GRID vPC, GRID vApps or Quadro vDWS), can log into the enterprise software download portal by clicking below. For more information about how to access your purchased licenses visit th",https://www.nvidia.com/
Objectivity,InfiniteGraph,Graph DBMS,"InfiniteGraph is the graph database and analytics platform for solving the most complex, operational problems at massive speed and scale for enterprises and government.",https://infinitegraph.com/
Objectivity,Objectivity/DB,Multi-model,"Objectivity/DB is a scalable, high performance, distributed Object Database (ODBMS). It is extremely good at handling complex data, where there are many types of connections between objects and many variants.",https://objectivity.com/objectivity-db/
Onodo,,Visual analytics,,https://onodo.org/
OpenCog,AtomSpace,Knowledge graph solutions,"The OpenCog AtomSpace is a knowledge representation (KR) database and the associated query/reasoning engine to fetch and manipulate that data, and perform reasoning on it.",https://wiki.opencog.org/w/AtomSpace
OpenCog,,Knowledge graph solutions,"The OpenCog Foundation is the funding and oversight body for the Open Cognition Project. OpenCog is an open source Artificial General Intelligence framework, intended to one day express general intelligence at the human level and beyond. The OpenCog Foundation and the Open Cognition Project, together, are undertaking a serious effort aimed at building a thinking machine",https://opencog.org/
Opencypher,,Graph query languages,"openCypher is the most widely adopted, fully-specified, and open query language for property graph databases. It provides an intuitive way to work with property graphs today and is the best on-ramp to the graph query language (GQL) standard being developed by ISO.",https://opencypher.org/
OpenLink Software,Virtuoso,Multi-model,Virtuoso is a multi-model hybrid-RDBMS that supports management of data represented as relational tables and/or property graphs.,https://virtuoso.openlinksw.com/
Openmappr,Mappr,Visual analytics,"Mappr” was originally created by Vibrant Data Inc. with Kaustuv DeBiswas,  David Gurman, Rich Williams, Sundev Lohr, Aditya Vishwakarma, Bimal Kumar, Moumita Sen, and Eric Berlow.  Vibrant Data was acquired by Rakuten in 2016 and mappr was subsequently open-sourced. Huge thanks to additional contributions from Yale Fox, Jesse Russell, and Mike Tulubaev with Sharp Developers. ",https://www.openmappr.org/
openthebox.be,Spiderweb,Business network,Ontdek de bestuursmandaten en participaties van de Belgische ondernemingen,https://openthebox.be/
Oracle,Oracle Database,Multi-model,"Oracle Database is the first database designed for enterprise grid computing, the most flexible and cost effective way to manage information and applications.",https://www.oracle.com/database/
OrgMapper,,Human resources,"Human connections are the beating heart of our organization, and we are genuinely curious about your story. Let’s discover together what we can help you with. Achieve deep, lasting and meaningful transformation based on data-driven and evidence-based information, and allow your key employees to take the lead.",https://orgmapper.com/
Orgnet LLC,Orgnet,Human resources,"Orgnet LLC provides software, training, consulting, and research in the application of network analysis in a wide variety of domains. Our deep experience in visualizing, diagnosing and improving networks in organizations, communities and economic & social systems has benefited a wide variety of clients around the world. In addition to mastering standard organizational network practices, we have pioneered the application of network analysis in many new domains and can help you do the same.",http://www.orgnet.com/
OrientDB,OrientDB,Multi-model,"OrientDB is an open source NoSQL database management system written in Java. It is a Multi-model database, supporting graph, document, key/value, and object models, but the relationships are managed as in graph databases with direct connections between records.",https://orientdb.org/
Osome,,Social network analytics,"We are Osome - an international fintech startup making the lives of entrepreneurs easier. Osome is the silent hero in the background helping over 6,000 businesses spend less time on routine admin and more time on changing the world for the better.",https://osome.com/sg/
Osprey,,Visual analytics,"Our mission for the last 40+ years has been to create innovative, high-performance gear that reflects our love of adventure and our devotion to the outdoors. We're proud to be the leading manufacturer of backpacks and travel gear. Our HQ is located in southwest Colorado, nestled in the corner of the rugged San Juan Mountains and on the edge of vast sandstone canyon country. ",https://www.osprey.com/us/en/
Palantir,NYSE: PLTR,Visual analytics,"At Palantir (NYSE: PLTR), we're helping the world's most important institutions use their data to solve their most urgent problems. Our software lets our customers integrate and analyze all of their data so they can answer questions that they couldn't before. From delivering disaster relief to building safer automobiles, we're honored to help make our partners better at their most important work. ",https://www.palantir.com/
Parasol,,Visual analytics,"Parasol is a design company specialising in creative direction and connection for international clients who want to better understand and leverage their place in the world and engage with evermore discerning consumers. After spending 18 years building global brands and working with the best creative talent in the world, we made a decision: we only want to work with clients who have the same values as us — uncompromising quality, attention to detail and determination. Our endeavours have given us unrivalled connections with writers, strategists, photographers, animators, illustrators, filmmakers, architects, artists, philosophers, policy-makers, urbanists, economists, entrepreneurs and creative technologists who we gather together under our parasol to inspire collaborations on projects with our clients.",http://www.parasol-projects.com/
PGQL,,Graph query languages,"PGQL is a graph query language built on top of SQL, bringing graph pattern matching capabilities to existing SQL users as well as to new users who are interested in graph technology but who do not have an SQL background.",https://pgql-lang.org/
Plotly,javascript,Visualisation libraries and toolkits,"Built on top of d3.js and stack.gl, Plotly.js is a high-level, declarative charting library. plotly.js ships with over 40 chart types, including 3D charts, statistical graphs, and SVG maps.",https://plotly.com/javascript/
Polinode,,Visual analytics,"Polinode allows you to map, visualize and analyze relationships across organizations. We deliver deep insights into organizations around the world and help managers truly understand their teams, resources and landscape. Polinode lives at the intersection between people and technology. We help cut through the complexity of modern workplaces utilizing relationship data and network analysis. Sign-up at www.polinode.com to try our tools for yourself.",https://www.polinode.com/
Pondera Solutions,,Fraud detection,"Pondera Solutions leverages advanced prediction algorithms and the power of cloud computing to combat fraud, waste, and abuse in government programs.",https://www.ponderasolutions.com/
PoolParty,PoolParty Semantic Suite,Knowledge graph solutions,"The software supports enterprises in knowledge management, data analytics and content organisation. The product uses standards-based technologies as defined by W3C, which prevents vendor lock-in.",https://www.poolparty.biz/product-overview
Potent Pages,Vivagraph,Visualisation libraries and toolkits,"Potent Pages specializes in custom web application development, website design, graphic design, and programming. We take your business needs and use programming and design to solve your problems. We strive to automate your work, saving you time and money while giving you the best quality and results.",https://potentpages.com/
Power BI,microsoft,Business intelligence tools,Explore the top reasons organizations choose Power BI to meet their self-service and enterprise business intelligence (BI) needs.,https://powerbi.microsoft.com/en-us/
Profium,Profium Sense,Graph DBMS,Profium Sense is an artificial intelligence (AI) powered graph database. It provides logic reasoning capabilities which make your data even smarter by algorithmically computing new connections to your data.,https://www.profium.com/en/
PyTorch,,Graph analytics libraries and toolkits,"Select your preferences and run the install command. Stable represents the most currently tested and supported version of PyTorch. This should be suitable for many users. Preview is available if you want the latest, not fully tested and supported, 1.11 builds that are generated nightly. Please ensure that you have met the prerequisites below (e.g., numpy), depending on your package manager. Anaconda is our recommended package manager since it installs all dependencies. You can also install previous versions of PyTorch. Note that LibTorch is only available for",https://pytorch.org/
Qlik,,Business intelligence tools,"Qlik’s vision is a data-literate world, where everyone can use data and analytics to improve decision-making and solve their most challenging problems. We offer the education, technology, and business strategies you need to build a data-driven culture and transform your organization.",https://www.qlik.com/us
Ravelin,Fraud,Fraud detection,Ravelin provides sophisticated technology and dedicated support to help online businesses prevent advanced fraud threats and accept payments confidently.,https://www.ravelin.com/
Redis,Redis,Multi-model,"Popular in-memory data platform used as a cache, message broker, and database that can be deployed on-premises, across clouds, and hybrid environments.",https://redis.com/
RedisGraph,Redis,Multi-model,RedisGraph is the first queryable Property Graph database to use sparse matrices to represent the adjacency matrix in graphs and linear algebra to query the graph.,http://redisgraph.io/
Refinitiv,LSEG,Knowledge graph solutions,"Refinitiv, an LSEG (London Stock Exchange Group) business, is one of the world’s largest providers of financial markets data and infrastructure. With $6.25 billion in revenue, over 40,000 customers and 400,000 end users across 190 countries, Refinitiv is powering participants across the global financial marketplace. We provide information, insights, and technology that enable customers to execute critical investing, trading and risk decisions with confidence. By combining a unique open platform with best-in-class data and expertise, we connect people to choice and opportunity – driving performance, innovation and growth for our customers and partners. ",https://www.refinitiv.com/en
Regraph,,Visualisation libraries and toolkits,"Build game-changing React graph visualization products that turn connected data into insight. With ReGraph’s simple data-driven API, it’s quick and easy to add graph visualizations to your React applications. Ship custom, high-performance graph visualization to your users, wherever they are.",https://regraph.js.org/
Reltio,SaaS,Visual analytics,"Reltio is the only company that provides a cloud-native multi-tenant, multi-domain MDM platform which delivers real-time data at scale. The Reltio Connected Data Platform provides agility, scale, simplicity, security, and performance unmatched by competitors. Reltio’s API-first approach eases configuration and integration with downstream applications for developers. This is true innovation. ",https://www.reltio.com/
Rhumbl,,Visual analytics,"Four years ago, a team of us from MIT was doing research on educational mapping and as part of that research, wanted to visualize our highly-connected data. Surprisingly, we found no tools out there that would let us easily create such network visualizations without needing to code. We thus embarked on creating Rhumbl, designed for teams who have no developer resources.",https://rhumbl.com/
Risk.Ident,Fraud,Fraud detection,Our intelligent software products detect online fraud through an automated evaluation and interpretation of data points. We deliver results in real time and enable you to stop fraudulent attacks before the damage is done. Multi-award winning. Reliable data security. Made in Germany.,https://riskident.com/en/
Riskified,,Fraud detection,"Riskified is on a mission to empower businesses to realize the full potential of eCommerce by making it safe, accessible, and frictionless. We have built a next-generation platform that allows online merchants to create trusted relationships with their consumers. Leveraging machine learning that benefits from a global merchant network, our platform identifies the individual behind each online interaction, helping merchants—our customers—eliminate risk and uncertainty from their business. We drive higher sales and reduce fraud and other operating costs for our merchants and provide superior consumer experiences, as compared to our merchants’ performance prior to onboarding us",https://www.riskified.com/
SAP,SAP HANA,Multi-model,"SAP HANA in-memory database is for transactional and analytical workloads with any data type — on a single data copy. It breaks down the transactional and analytical silos in organisations, for quick decision-making, on premise and in the cloud.",https://www.sap.com/croatia/products/hana.html
SAS,,Fraud detection,"SAS is the leader in business analytics software and services, and the largest independent vendor in the business intelligence market. Through innovative solutions, SAS helps customers at more than 70,000 sites improve performance and deliver value by making better decisions faster. Since 1976 SAS has been giving customers around the world THE POWER TO KNOW®.",https://www.sas.com/
SecBI,Universal XDR Platform,Cyber security,"SecBI detects full scope incident narratives through unsupervised and supervised machine learning, accelerating security investigations and time to mitigation. The solution is based on proprietary “Autonomous Investigation” technology and supports the use cases described below",https://www.secbi.com/
SeMI Technologies,Weaviate,Multi-model,"SeMI's Weaviate is a cloud-native, realtime vector search engine that allows you to bring your machine learning models to scale. There are extensions for specific use cases such as semantic search, plugins to integrate Weaviate in any application of your choice, and a console to visualize your data.",https://weaviate.com/
SEMOSS,,Visual analytics,SEMOSS is an open source platform under the ASL v2 license. Genetic Research. use-case-image. Research often requires messy and incompatible data sources,https://semoss.org/
Sigma.js,JavaScript,Visualisation libraries and toolkits,"This map represents a network of Wikipedia articles around the topic of ""Data vizualisation"". Each node represents an article, and each edge",https://www.sigmajs.org/
Simility,PayPal Service,Fraud detection,"Simility offers real-time risk and fraud decisioning solutions to protect global businesses. Simility’s offerings are underpinned by the Adaptive Decisioning Platform built with a data first approach to deliver continuous risk assurance. By combining artificial intelligence (AI) and big data analytics Simility helps businesses orchestrate complex decisions to reduce friction, improve trust, and solve complex fraud problems. Built by industry veterans, Similty is trusted by some of the world’s leading consumer brands across Financial Services, Payment Processors and Commerce merchants. To learn more, visit www.Simility.com.",https://simility.com/
Sinequa,,Machine learning,"Sinequa serves both large and complex organizations with the most complete enterprise search, ever. Customers employ our intelligent search platform to connect all content (both text and data), derive meaning, learn from user interactions, and present information in context. This solves content chaos and informs employees through a single, secure interface. They get the knowledge, expertise, and insights needed to make informed decisions and do more, faster. These organizations accelerate innovation, reduce rework, foster collaboration, ensure compliance, and increase productivity. Become Information-Driven™ with Sinequa.",https://www.sinequa.com/
SNAP,,Graph processing engines,"At Snap, we believe that reinventing the camera represents our greatest opportunity to improve the way people live and communicate. We contribute to human progress by empowering people to express themselves, live in the moment, learn about the world, and have fun together.",https://www.snap.com/
SocioViz,,Social network analytics,"Capture Twitter and Facebook conversations focusing on the links between people or messages. Reveal user interactions, hashtag co-presence and semantic networks to identify most relevant actors and themes.",https://socioviz.net/
SocNetV,,Social network analytics,"Social Network Visualizer (SocNetV) is a cross-platform, user-friendly free software application for social network analysis and visualization. With SocNetV you can:",https://socnetv.org/
SparkCognition,Maana,Knowledge graph solutions,Maana is an analytics and knowledge graph platform for multi-industry applications.,https://www.sparkcognition.com/products/maana/
SparkCognition,Maana,Knowledge graph solutions,"SparkCognition’s award-winning AI solutions allow organizations to predict future outcomes, optimize processes, and prevent cyber-attacks. We partner with the world’s industry leaders to analyze, optimize, and learn from data, augment human intelligence, drive profitable growth, and achieve operational excellence. To learn more about how SparkCognition’s AI applications can unlock the power in your data, visit www.sparkcognition.com",https://www.sparkcognition.com
Sparsity Technologies,Sparksee,Graph DBMS,Sparksee (formerly known as DEX) is a high-performance and scalable graph database management system written in C++.,https://www.sparsity-technologies.com/#sparksee
Spring,Netflix's Java,Application framework and libraries,"The Spring Framework is an application framework and inversion of control container for the Java platform. The framework's core features can be used by any Java application, but there are extensions for building web applications on top of the Java EE",https://spring.io/
Springy,,Visualisation libraries and toolkits,Springy is a force directed graph layout algorithm. So what does this “force directed” stuff mean anyway? Excellent question! It means that springy uses some real world physics to try and figure out how to show a network graph in a way that looks good.,http://getspringy.com/
Stardog,Stardog,RDF,"Enterprise Knowledge Graph platform and graph DBMS with high availability, high performance reasoning, and virtualization.",https://www.stardog.com/
Stardog,Stardog,Knowledge graph solutions,"Stardog connects data based on business meaning, regardless of data's structure or location. Avoid incomplete, slow analytics. Easily reuse data models to get insights faster. ",https://www.stardog.com/
Stardog,knowledge using Stardog,Knowledge graph solutions,"Stardog: The Knowledge Graph Platform for the Enterprise Stardog is a reusable, scalable knowledge graph platform that enables enterprises to unify all their data, including data sources and databases of every type, to get the answers needed to drive business decisions. Stardog’s enterprise customers include Fortune 500 companies in finance, healthcare, life sciences, energy, media, and government. The company is headquartered in Arlington, Virginia. Stardog is a privately held, venture-backed company. For more information, please visit www.Stardog.com",https://www.stardog.com/
Statnet,,Graph analytics libraries and toolkits,"statnet is a suite of R packages for the management, exploration, statistical analysis, simulation and vizualization of network data. Our statistical modeling framework relies on Exponential-family Random Graph Models (ERGMs). All of our software is open source (GPL-3), with development on GitHub, and packages published to the Comprehensive R Archive Network (CRAN).",http://statnet.org/
StreamSets Inc.,DataOps,Integrations,"At StreamSets, our mission is to make data engineering teams wildly successful. Only StreamSets offers a platform dedicated to building smart data pipelines to power DataOps across hybrid and multi-cloud architectures. That’s why the largest companies in the world trust StreamSets to power millions of data pipelines for modern business intelligence, data science, and AI/ML. With StreamSets, data engineers spend less time fixing and more time doing.",https://streamsets.com/
Structr,Structr,Application framework and libraries,Structr is an integrated low-code development and runtime environment that uses a graph database.,https://structr.com/
Synapp,,Human resources,Synapp is build from the ground up to provide the most accurate Organization Network Analysis insights to companies across the world,https://seeyournetwork.com/
Tableau,,Business intelligence tools,Tableau helps people see and understand data. Our visual analytics platform is transforming the way people use data to solve problems. See why organizations of all sizes trust Tableau to help them be more data-driven.,https://www.tableau.com/
Talend,,Integrations,"Talend, a leader in data integration and data integrity, is changing the way the world makes decisions. Talend Data Fabric is the only platform that seamlessly combines an extensive range of data integration and governance capabilities to actively manage the health of corporate information. This unified approach is unique and essential to delivering complete, clean, and uncompromised data in real-time to all employees. It has made it possible to create innovations like the Talend Trust Score™, an industry-first assessment that instantly quantifies the reliability of any data set.",https://www.talend.com/
TalkinGraph,Neo4j graph,Visual analytics,"TalkinGraph ETL is an application that will convert your data in the Oracle® database, transfer it to the Neo4J® graph database and keep it up-to-date.",https://talkingraph.com/en-EN.html
Tamr,Scale,Integrations,"With a co-founding team led by Andy Palmer (founding CEO of Vertica) and Mike Stonebraker (Turing Award winner) and backed by investors including NEA, Google Ventures, and GE Ventures, Tamr is transforming how companies get value from their data.",http://www.tamr.com/
TerminusDB,TerminusDB,Graph DBMS,TerminusDB is an open source knowledge graph and document store. It is used to build versioned data products.,https://terminusdb.com/
TerminusDB,DataChemist,Visual analytics,"TerminusDB is an open-source knowledge graph database that provides reliable, private & efficient revision control & collaboration. If you want to collaborate with colleagues or build data-intensive applications, nothing will make you more productive.",https://terminusdb.com/
Textexture,,NLP,"extexture is outdated and is not supported any longer. Our new text visualization tool InfraNodus supports English, Russian, German, French and has advanced import, export, sharing, and filtering features",https://textexture.com/
Textkernel,,Human resources,"Textkernel is the international leader in Artificial Intelligence (AI), Machine Learning and Semantic Technology for matching people and jobs.",https://www.textkernel.com/
Thales,,Integrations,"Thales is a global high technology leader investing in digital and “deep tech” innovations – connectivity, big data, artificial intelligence, cybersecurity and quantum technology – to build a future we can all trust, which is vital to the development of our societies. The company provides solutions, services and products that help its customers – businesses, organisations and states – in the defence, aeronautics, space, transportation and digital identity and security markets to fulfil their critical missions, by placing humans at the heart of the decision-making process.",https://www.thalesgroup.com/en
The Linux Foundation,JanusGraph,Graph DBMS,JanusGraph is a scalable graph database optimized for storing and querying graphs containing hundreds of billions of vertices and edges distributed across a multi-machine cluster.,https://janusgraph.org/
ThetaRay,,Fraud detection,"ABOUT THETARAY: At Thetaray we believe that banks no longer have to de-risk when they can expand their cross-border ecosystem safely. ThetaRay is the developer of SONAR, a groundbreaking, AI-powered, transaction monitoring SaaS solution for cross-border payments that allows banks to expand their business opportunities by achieving safe and reliable cross-border payment monitorisation. ThetaRay's technology is the only packaged SaaS offering that analyzes SWIFT traffic, risk indicators, and client/payer/payee data to detect anomalies indicating money laundering activity across complex, cross-border transaction paths. It is also one of the only AI-driven AML solutions that can be easily integrated and deployed within days, with minimal implementation required. ThetaRay's solution increases detection capabilities for both supervised and unsupervised data, and includes profiling and advanced analytics assessments, all in one platform. Financial organizations that rely on highly heterogeneous and complex ecosystems benefit greatly from ThetaRay's",https://www.thetaray.com/
Thomson Reuters,,Visual analytics,"Thomson Reuters is one of the world’s most trusted providers  of answers, helping professionals make confident decisions and run better businesses. Our customers operate in complex arenas that move society forward — law, tax, compliance, government, and media – and face increasing complexity as regulation and technology disrupts every industry.",https://www.thomsonreuters.com/en.html
ThreatQuotient,Accelerates,Cyber security,"ThreatQuotient’s mission is to improve the efficiency and effectiveness of security operations with a platform that accelerates and simplifies investigations and collaboration within and across teams and tools. Integrating an organization’s existing processes and technologies into a unified workspace, ThreatQuotient’s solutions reduce noise, highlight top priority threats and automate processes to provide greater focus and decision support while maximizing limited resources. ThreatQuotient’s threat-centric approach supports multiple use cases including incident response, threat hunting, spear phishing, alert triage and vulnerability management, and also serves as a threat intelligence platform. ThreatQuotient is headquartered in Northern Virginia with international operations based out of Europe and APAC.",https://www.threatq.com/
TIBCO,TIBCO Graph Database,Graph DBMS,TIBCO Graph Database allows users to leverage the “Power of Relationships” to solve connectivity and reachability problems at scale.,https://www.tibco.com/products/tibco-graph-database
TigerGraph,TigerGraph DB,Graph DBMS,TigerGraph is a platform for advanced analytics and machine learning on connected data. ,https://www.tigergraph.com/
TigerGraph,GSQL,Graph query languages,"TigerGraph is a platform for advanced analytics and machine learning on connected data. Based on the industry’s first and only distributed native graph database, TigerGraph’s proven technology supports advanced analytics and machine learning applications such as fraud detection, anti-money laundering (AML), entity resolution, customer 360, recommendations, knowledge graph, cybersecurity, supply chain, IoT, and network analysis. The company is headquartered in Redwood City, California, USA. Start free with tigergraph.com/cloud.",http://www.tigergraph.com
Timbr.ai,Timbr SQL Knowledge Graph platform,Knowledge graph solutions,"Timbr SQL Knowledge Graph’s virtual layer features agile semantic business modeling, virtual data integration, fast data discovery and simple no-joins/no-unions SQL queries",https://timbr.ai/
TopQuadrant,,Knowledge graph solutions,TOPBRAID EDG — ENTERPRISE KNOWLEDGE GRAPHS FOR DATA GOVERNANCE,https://www.topquadrant.com/
TouchGraph,navigator,Visual analytics,We are a team of interface designers who share a passion for creating better ways to visualize and interact with information.,https://www.touchgraph.com/navigator
Trovares,Trovares xGT,Graph processing engines,"Discovery of insights in massive amounts of data requires a seriously powerful and scalable analytics platform that isn’t brought to its knees when it’s time to crunch the data. That’s what we do. And that’s why we do it. Trovares xGT is the fastest Deep Analytics Application on the market and perfect for your mission-critical applications. With performance speeds 100's of times that of current market options, you can now empower your data scientist with the best development environment to meet your needs.",https://www.trovares.com/
TruSTAR,Splunk Intelligence Management,Cyber security,"Splunk Intelligence Management breaks down data silos within and across enterprises to align security effectiveness with business objectives, improving cyber resilience and operational efficiency.",https://www.trustar.co/
twitter,microblogging and social networking service,Graph DBMS,"Twitter serves the public conversation because conversation is a force for good in the world. The opportunity to help the world connect, debate, learn, and solve problems is what draws us to careers at Twitter, and it’s what keeps us here.",https://twitter.com/
Unifi,,Knowledge graph solutions,"Unifi has a strong history of domestic and international investment.  Rooted in North Carolina, Unifi has been a proven leader for the textile industry. With manufacturing facilities located in Yadkinville, Madison, and Reidsville, NC as well as international presence in Brazil, Central America, and China, Unifi is a vertically integrated company that continues to bring innovation and premier value added products to the global textile industry.  ",https://unifi.com/
UniGraph,,Knowledge graph solutions,,http://ww17.unigraph.io/
Uplevel Security,,Cyber security,Uplevel Security offers adaptive system of intelligence that uses graph theory and machine learning to modernize security operations.,http://www.uplevelsecurity.com/
Vaticle,TypeDB,Graph DBMS,"TypeDB is a strongly-typed database with a rich and logical type system. TypeDB empowers you to tackle complex problems, and TypeQL is its query language.",https://vaticle.com/typedb
Vaticle,TypeDB,Graph DBMS,TypeDB is a strongly-typed database with a rich and logical type system and TypeQL as its query language.,https://vaticle.com/typedb
Vaticle,TypeQL,Graph query languages,"TypeQL allows you to model your domain based on logical and object-oriented principles. Composed of entity, relationship, and attribute types, as well as type hierarchies, roles, and rules, TypeQL allows you to think higher-level as opposed to join-tables, columns, documents, vertices, edges, and properties.",https://docs.vaticle.com/docs/schema/overview
VelocityDB,VelocityDB,Multi-model,"VelocityDB is a C# .NET NoSQL Object Database, extended as Graph Database is VelocityGraph.",https://velocitydb.com/
VeracityID,,Fraud detection,"VeracityID, Inc. is a SaaS, ‘big data’ company focused on providing real-time fraud detection and intervention services to the financial services industry – with a focus on the personal lines/small business insurance sectors.",https://veracityid.com/
vesoft,Nebula Graph,Graph DBMS,"Nebula Graph is an open-source graph database capable of hosting super large scale graphs with dozens of billions of vertices (nodes) and trillions of edges, with milliseconds of latency.",https://nebula-graph.io/
VirusTotal,gui,Cyber security,"Analyze suspicious files and URLs to detect types of malware, automatically share them with the security community",https://www.virustotal.com/gui/home/upload
vis.js,,Visualisation libraries and toolkits,"A dynamic, browser based visualization library. The library is designed to be easy to use, to handle large amounts of dynamic data, and to enable manipulation of and interaction with the data. The library consists of the components DataSet, Timeline, Network, Graph2d and Graph3d.",https://visjs.org/
Visallo,kensho,Visual analytics,"Visallo is a web-based investigation tool with machine learning algorithms for investigative link analysis, data discovery, crime analytics, and geospatial analysis. ",https://visallo.com/
Visible Network Labs,PARTNER Platform,Human resources,"Visible Network Labs is a social enterprise composed of network scientists, evaluators, technologists & communicators using the PARTNER Platform and Methodology (www. partnertool.net).  We are committed to helping the world build better, more effective cross-sector, collaborative networks.",https://visiblenetworklabs.com/
Visual Investigative Scenarios,,Visual analytics,"(VIS) is a data visualization platform designed to assist investigative journalists, activists and others in mapping complex business or crime networks. Our aim is to help investigators understand and explain corruption, organized crime and other wrongdoings and to translate complex narratives into simple, universal visual language.",https://vis.occrp.org/
VOSviewer,,Visual analytics,"VOSviewer is a software tool for constructing and visualizing bibliometric networks. These networks may for instance include journals, researchers, or individual publications, and they can be constructed based on citation, bibliographic coupling, co-citation, or co-authorship relations. VOSviewer also offers text mining functionality that can be used to construct and visualize co-occurrence networks of important terms extracted from a body of scientific literature.",https://www.vosviewer.com/
WebVOWL,,NLP,WebVOWL is a web application for the interactive visualization of ontologies. It implements the Visual Notation for OWL Ontologies (VOWL) by providing graphical depictions for elements of the Web Ontology Language (OWL) that are combined to a force-directed graph layout representing the ontology. Interaction techniques allow to explore the ontology and to customize the visualization. The VOWL visualizations are automatically generated from JSON files into which the ontologies need to be converted. A Java-based OWL2VOWL converter is provided along with WebVOWL.,http://vowl.visualdataweb.org/webvowl.html
WordLift,,Knowledge graph solutions,"WordLift is a service designed to help you speak Google's native language by converting your content into a format that is easily understood by search engines: structured data. It does so automatically, leveraging Natural Language Processing and AI.",https://wordlift.io/
WorldStack,,Visual analytics,"Founded in 2014, WorldStack is an Australian company that turns Internet data into actionable intelligence Our mission is to help organisations and individuals protect what is important to them and make better decisions through the use of publicly available data.",https://worldstack.io/
Xanalys,Xanalys,Fraud detection,"XANALYS SPECIALISE IN PROVIDING POWERFUL SOFTWARE CAPABILITIES. For threat assessment, investigative case management, and advanced crime and fraud analytics. Our solutions help our clients to manage multi-jurisdiction major crime investigations, assess and analyse suspicious financial transactions, capture and act upon intelligence reports, and disclose evidence in a court-ready format to ensure successful outcomes",https://www.xanalys.com/
yWorks,data explorer,Visualisation libraries and toolkits,"yWorks specializes in the development of professional software solutions that enable the clear visualization of diagrams and networks. Founded in the year 2000 as a spin-off of the university of Tübingen, Germany, yWorks GmbH has brought together efficient data structures, complex algorithms, and advanced techniques that provide excellent user interaction. This allows the user to experience highly versatile and sophisticated diagram visualization in applications across many diverse areas.",https://www.yworks.com/
HGraphDB,HGraphDB,Graph DBMS,HGraphDB is a client layer for using HBase as a graph database. It is an implementation of the Apache TinkerPop 3 interfaces.,https://github.com/rayokota/hgraphdb